source,target,relationship
"d6ee5606-211c-4069-ae7b-463984e56927","127238ee-cd06-4381-991c-3fbbadba49ff",HAS_SECTION
"d6ee5606-211c-4069-ae7b-463984e56927","7655ea3d-8208-4fb9-9c5c-c80732252fe2",HAS_SECTION
"d6ee5606-211c-4069-ae7b-463984e56927","042153d7-7551-4de8-bcf4-12e3582d61c7",HAS_SECTION
"d6ee5606-211c-4069-ae7b-463984e56927","3f377a8e-7f4d-4369-b990-8f924566e390",HAS_SECTION
"127238ee-cd06-4381-991c-3fbbadba49ff","f8538f9a-d13c-4ec9-b9fe-a309b9cfed3e",HAS_SECTION
"127238ee-cd06-4381-991c-3fbbadba49ff","b018cf19-0940-42f8-90b5-4f6f2cf48298",HAS_SECTION
"127238ee-cd06-4381-991c-3fbbadba49ff","25940941-1222-423e-b085-9dbe7eb86adb",HAS_SECTION
"127238ee-cd06-4381-991c-3fbbadba49ff","c81ddcf1-6594-4718-80e4-0e6fe53371c5",HAS_SECTION
"127238ee-cd06-4381-991c-3fbbadba49ff","db838254-8906-4a01-9d42-69c4ae6e133e",HAS_SECTION
"7655ea3d-8208-4fb9-9c5c-c80732252fe2","c2d42dec-de54-4897-b0d1-54dd7edbf52c",HAS_SECTION
"7655ea3d-8208-4fb9-9c5c-c80732252fe2","3cccbfb4-e1f8-48d6-8eeb-f602a6841bfa",HAS_SECTION
"042153d7-7551-4de8-bcf4-12e3582d61c7","68d14dd2-6297-459d-9088-f8dae3145c6c",HAS_SECTION
"f8538f9a-d13c-4ec9-b9fe-a309b9cfed3e","0421d1ab-3eed-4f18-8465-a137a3e38570",HAS_SECTION
"f8538f9a-d13c-4ec9-b9fe-a309b9cfed3e","b12fc325-7fbd-4553-9b16-21b4f5c26f88",HAS_SECTION
"f8538f9a-d13c-4ec9-b9fe-a309b9cfed3e","27e7d410-21ed-42b7-877c-e2aef9b1a481",HAS_SECTION
"f8538f9a-d13c-4ec9-b9fe-a309b9cfed3e","a5b12450-3c80-4b29-82ca-1aaaa5f83b79",HAS_SECTION
"25940941-1222-423e-b085-9dbe7eb86adb","5ed6085f-c95f-4cbc-b23b-826ff32a3d7f",HAS_SECTION
"25940941-1222-423e-b085-9dbe7eb86adb","00ff934b-1ca7-48f5-851e-8dae793f64c9",HAS_SECTION
"25940941-1222-423e-b085-9dbe7eb86adb","7bd13000-f703-4835-a31b-7dd25f8b7487",HAS_SECTION
"c2d42dec-de54-4897-b0d1-54dd7edbf52c","924e0081-30af-4b0d-ae9d-3999d3746399",HAS_SECTION
"c2d42dec-de54-4897-b0d1-54dd7edbf52c","cca1f429-9187-4269-b0aa-7eaeb37cb069",HAS_SECTION
"c2d42dec-de54-4897-b0d1-54dd7edbf52c","6f8a82d4-7f59-4b42-b1e8-8a1bc3e684b3",HAS_SECTION
"c2d42dec-de54-4897-b0d1-54dd7edbf52c","75da46ee-2ba4-4abd-bcc6-79db58f190fb",HAS_SECTION
"c2d42dec-de54-4897-b0d1-54dd7edbf52c","03471b38-43cf-430c-a958-aefaa09a5a6c",HAS_SECTION
"7bd13000-f703-4835-a31b-7dd25f8b7487","9040c014-db4a-45bc-83e1-0387e3bd5b94",HAS_SECTION
"7bd13000-f703-4835-a31b-7dd25f8b7487","b0a2e695-6395-40da-8856-910b33e09c0d",HAS_SECTION
"7bd13000-f703-4835-a31b-7dd25f8b7487","a13bc8c6-ac24-4ca3-bc8a-13cda4bff88e",HAS_SECTION
"7bd13000-f703-4835-a31b-7dd25f8b7487","51385839-7ac6-47b9-a9de-22b5c13f4ac2",HAS_SECTION
"7bd13000-f703-4835-a31b-7dd25f8b7487","b707eb2a-e6d3-4835-b569-9a7b4fb96da6",HAS_SECTION
"c81ddcf1-6594-4718-80e4-0e6fe53371c5","9817038d-5a95-4cd0-a564-2d16b911a212",HAS_SECTION
"c81ddcf1-6594-4718-80e4-0e6fe53371c5","0f84ecee-a8b8-406a-9365-e0eb5d14d60a",HAS_SECTION
"c81ddcf1-6594-4718-80e4-0e6fe53371c5","ba58a63d-1dc0-4901-ad3a-89ed4b471700",HAS_SECTION
"c81ddcf1-6594-4718-80e4-0e6fe53371c5","f5246fbb-17c0-48bc-afbc-fbef23ef8ca0",HAS_SECTION
"db838254-8906-4a01-9d42-69c4ae6e133e","78a01bd9-1852-4c67-a526-2b0321cbbc98",HAS_SECTION
"db838254-8906-4a01-9d42-69c4ae6e133e","ae7a9fa1-2219-4749-9488-7b8bbd9a6b4f",HAS_SECTION
"db838254-8906-4a01-9d42-69c4ae6e133e","3b0d12e2-3d47-4d05-9cee-355aeee0fe93",HAS_SECTION
"db838254-8906-4a01-9d42-69c4ae6e133e","c8c72798-bad4-4b48-8b55-f18faa5403ca",HAS_SECTION
"db838254-8906-4a01-9d42-69c4ae6e133e","2ec6e9c1-0d8e-4530-be56-f7d09676a2fc",HAS_SECTION
"cca1f429-9187-4269-b0aa-7eaeb37cb069","6b4c2f03-9444-4513-badb-5d3fae84073d",HAS_SECTION
"cca1f429-9187-4269-b0aa-7eaeb37cb069","e2ba9129-7198-43ae-8d97-7fbd138ac084",HAS_SECTION
"75da46ee-2ba4-4abd-bcc6-79db58f190fb","07281f9b-9968-4735-8c17-928f30c28dbb",HAS_SECTION
"75da46ee-2ba4-4abd-bcc6-79db58f190fb","740c3a5a-0bb1-4400-b926-a468136e8d5e",HAS_SECTION
"75da46ee-2ba4-4abd-bcc6-79db58f190fb","740c3a5a-0bb1-4400-b926-a468136e8d5e",HAS_SECTION
"b707eb2a-e6d3-4835-b569-9a7b4fb96da6","f4393ed5-0496-4483-8ff8-7fddd0b5fa74",HAS_SECTION
"b707eb2a-e6d3-4835-b569-9a7b4fb96da6","33dc8af5-5327-4fd6-bcb9-fbb7f94e837d",HAS_SECTION
"07281f9b-9968-4735-8c17-928f30c28dbb","a5b425ce-a730-4ce0-9a17-23daf7ea0e76",HAS_SECTION
"740c3a5a-0bb1-4400-b926-a468136e8d5e","bfb65f9c-2b6a-46db-b150-335f8e805bc8",HAS_SECTION
"740c3a5a-0bb1-4400-b926-a468136e8d5e","bfb65f9c-2b6a-46db-b150-335f8e805bc8",HAS_SECTION
"740c3a5a-0bb1-4400-b926-a468136e8d5e","7cc5b8e7-dbe2-4ebb-9d6d-bb055b3c7cc6",HAS_SECTION
"740c3a5a-0bb1-4400-b926-a468136e8d5e","befd88f0-0e52-4344-a477-de96959c5c4c",HAS_SECTION
"bbc07f19-9811-42e9-b722-c6fb10fc192f","3cf89ebb-ec4a-46fc-a0fe-67e1e54b74f3",HAS_SECTION
"3cf89ebb-ec4a-46fc-a0fe-67e1e54b74f3","24761d30-c7e5-4eb0-b1b7-bf1f4912d372",HAS_SECTION
"24761d30-c7e5-4eb0-b1b7-bf1f4912d372","51114c6a-37d9-435f-add9-78d5a5b38c94",HAS_SECTION
"24761d30-c7e5-4eb0-b1b7-bf1f4912d372","1a33c4e0-4ee9-4c5f-913c-c47eb93d8a43",HAS_SECTION
"24761d30-c7e5-4eb0-b1b7-bf1f4912d372","08b7416f-528b-4233-99e6-6767a0aa3dfc",HAS_SECTION
"08b7416f-528b-4233-99e6-6767a0aa3dfc","a5ca1077-310d-45cc-8f73-bcc4f624cf85",HAS_SECTION
"08b7416f-528b-4233-99e6-6767a0aa3dfc","1974d60d-71f5-41c8-93a1-a142eb10b943",HAS_SECTION
"08b7416f-528b-4233-99e6-6767a0aa3dfc","ffa650ab-482c-4ef4-9daf-90750ae52bb6",HAS_SECTION
"24761d30-c7e5-4eb0-b1b7-bf1f4912d372","c8dd68dd-868f-43c0-b7b5-f6d39a6d81a0",HAS_SECTION
"24761d30-c7e5-4eb0-b1b7-bf1f4912d372","a78be36c-8d6c-402b-afeb-62c6a1a13eaa",HAS_SECTION
"3cf89ebb-ec4a-46fc-a0fe-67e1e54b74f3","f83bd943-5c4c-413d-b832-7344e8a56f03",HAS_SECTION
"bbc07f19-9811-42e9-b722-c6fb10fc192f","23fe3479-1c55-4dab-9303-c68ffa4b16b2",HAS_SECTION
"23fe3479-1c55-4dab-9303-c68ffa4b16b2","932c775f-8dcf-4c50-a387-03dbf3b8b848",HAS_SECTION
"932c775f-8dcf-4c50-a387-03dbf3b8b848","48aa6857-4bee-4d9d-808d-58d3b36cabc4",HAS_SECTION
"932c775f-8dcf-4c50-a387-03dbf3b8b848","13b9da44-9f56-4cb7-a71f-2955e22489c8",HAS_SECTION
"932c775f-8dcf-4c50-a387-03dbf3b8b848","015f0916-f6cc-4c06-b7df-21e1d826cedb",HAS_SECTION
"932c775f-8dcf-4c50-a387-03dbf3b8b848","e57197e0-f9b7-4b9b-bd13-970269baf1dc",HAS_SECTION
"e57197e0-f9b7-4b9b-bd13-970269baf1dc","1be92914-43c5-41ae-b098-149eb9df3209",HAS_SECTION
"1be92914-43c5-41ae-b098-149eb9df3209","e7dacf6f-6f8a-482f-8807-925867b1ffe0",HAS_SECTION
"1be92914-43c5-41ae-b098-149eb9df3209","e966d8d1-dcb8-4334-bf34-46758af3af25",HAS_SECTION
"e966d8d1-dcb8-4334-bf34-46758af3af25","119538ab-893a-4829-9c11-ec8bf81d3c1b",HAS_SECTION
"1be92914-43c5-41ae-b098-149eb9df3209","e966d8d1-dcb8-4334-bf34-46758af3af25",HAS_SECTION
"1be92914-43c5-41ae-b098-149eb9df3209","798505bf-2e72-435f-9ecb-961c2e5c7d6d",HAS_SECTION
"1be92914-43c5-41ae-b098-149eb9df3209","19acb4ba-76e3-438f-9fcc-92dcd9906d75",HAS_SECTION
"13b9da44-9f56-4cb7-a71f-2955e22489c8","ed28f9f3-ce3b-4c3b-b41d-4ec57cc6b57a",HAS_SECTION
"13b9da44-9f56-4cb7-a71f-2955e22489c8","ed1b0b43-acc3-4205-86de-ad2184c0c616",HAS_SECTION
"e57197e0-f9b7-4b9b-bd13-970269baf1dc","b27da182-6320-4e34-ba9d-f4509f1d03a2",HAS_SECTION
"b27da182-6320-4e34-ba9d-f4509f1d03a2","cd20c9e0-cb9b-4c2e-9740-eec5e90deb85",HAS_SECTION
"b27da182-6320-4e34-ba9d-f4509f1d03a2","2ccc4bca-3147-4d18-86df-5112c1dc3b51",HAS_SECTION
"b27da182-6320-4e34-ba9d-f4509f1d03a2","9f0e9f03-5e13-4d32-a5dd-3ddd010c7f23",HAS_SECTION
"bbc07f19-9811-42e9-b722-c6fb10fc192f","f452b31d-2211-40eb-a0d7-596c62a62c71",HAS_SECTION
"f452b31d-2211-40eb-a0d7-596c62a62c71","614a0445-19ce-4cbe-a6af-3fe168b45407",HAS_SECTION
"614a0445-19ce-4cbe-a6af-3fe168b45407","84ad10f3-51ad-419d-9d72-7d8eb96b0fba",HAS_SECTION
"614a0445-19ce-4cbe-a6af-3fe168b45407","528aad35-9ea9-4dd1-b3bf-433d888a21de",HAS_SECTION
"528aad35-9ea9-4dd1-b3bf-433d888a21de","a2486645-56b3-4c04-a946-92d6bd95a002",HAS_SECTION
"528aad35-9ea9-4dd1-b3bf-433d888a21de","1afe4911-ed73-4435-a069-c9c84d4ece47",HAS_SECTION
"528aad35-9ea9-4dd1-b3bf-433d888a21de","25db4572-4b77-49b5-8c75-d99c6fb11653",HAS_SECTION
"528aad35-9ea9-4dd1-b3bf-433d888a21de","4152218c-aea0-4848-87ce-2303708fb5a9",HAS_SECTION
"528aad35-9ea9-4dd1-b3bf-433d888a21de","803b49da-e2d8-4e53-ad4b-f3f4fc243c6f",HAS_SECTION
"614a0445-19ce-4cbe-a6af-3fe168b45407","58e943c2-e891-4e42-8fbc-fdb60fc8ad14",HAS_SECTION
"58e943c2-e891-4e42-8fbc-fdb60fc8ad14","7f7876c8-432b-4841-80c3-2556f4778ed6",HAS_SECTION
"bbc07f19-9811-42e9-b722-c6fb10fc192f","122ae589-4ae4-4bbd-b921-8c7fbf2a6b1b",HAS_SECTION
"122ae589-4ae4-4bbd-b921-8c7fbf2a6b1b","6e04447a-3cab-4c68-bb50-fc32b9364783",HAS_SECTION
"122ae589-4ae4-4bbd-b921-8c7fbf2a6b1b","7d9be466-1500-4884-b46a-9417122fc9a3",HAS_SECTION
"bbc07f19-9811-42e9-b722-c6fb10fc192f","383ac870-209a-4b38-b860-12b008f4e2e5",HAS_SECTION
"9ccc6829-75ea-4601-82c7-d2864b6f1296","57d75cc9-d508-4c3d-a967-58ba8bb86f3c",HAS_SECTION
"57d75cc9-d508-4c3d-a967-58ba8bb86f3c","9b273763-c615-4ad7-9f08-01129f4049be",HAS_SECTION
"57d75cc9-d508-4c3d-a967-58ba8bb86f3c","d9f3674f-f25c-4206-a7ca-b9b78df8a9f8",HAS_SECTION
"57d75cc9-d508-4c3d-a967-58ba8bb86f3c","6a3c6ae2-6c5b-4a77-b292-dfbb4729954f",HAS_SECTION
"57d75cc9-d508-4c3d-a967-58ba8bb86f3c","10f65aca-795f-4237-b6c2-3134abc55b46",HAS_SECTION
"57d75cc9-d508-4c3d-a967-58ba8bb86f3c","0477d0ac-bf37-456e-ba67-4337251021a2",HAS_SECTION
"57d75cc9-d508-4c3d-a967-58ba8bb86f3c","dd6f8f53-9096-44bf-9448-23c29aa2d886",HAS_SECTION
"9ccc6829-75ea-4601-82c7-d2864b6f1296","4e4ca0a4-3511-44fa-bb48-8da8d80ba583",HAS_SECTION
"4e4ca0a4-3511-44fa-bb48-8da8d80ba583","cf64c5b2-7900-4ce0-af75-496fb6bf4c59",HAS_SECTION
"cf64c5b2-7900-4ce0-af75-496fb6bf4c59","46a804c6-d665-4eb8-81b2-48da68d28c4c",HAS_SECTION
"cf64c5b2-7900-4ce0-af75-496fb6bf4c59","2cac6904-7231-4afb-9c24-e8da09ef7500",HAS_SECTION
"cf64c5b2-7900-4ce0-af75-496fb6bf4c59","2a36db84-5723-4921-8089-c06f67a94c6e",HAS_SECTION
"4e4ca0a4-3511-44fa-bb48-8da8d80ba583","78e5506a-590e-4da9-9010-9bc918976f69",HAS_SECTION
"78e5506a-590e-4da9-9010-9bc918976f69","36fc69de-d894-48cb-ad31-db7398efa916",HAS_SECTION
"36fc69de-d894-48cb-ad31-db7398efa916","7c8954c3-b27e-4ff3-971b-bbb4bcbf42c8",HAS_SECTION
"78e5506a-590e-4da9-9010-9bc918976f69","340929c6-757d-4e3f-a4cd-e7a28b73b48d",HAS_SECTION
"78e5506a-590e-4da9-9010-9bc918976f69","9e056052-5a56-4a1d-9e60-3270b177413e",HAS_SECTION
"9ccc6829-75ea-4601-82c7-d2864b6f1296","5dca98ce-2ed4-4a15-a911-4d2e1a7141e3",HAS_SECTION
"5dca98ce-2ed4-4a15-a911-4d2e1a7141e3","5ded3e60-2e11-497a-b33f-391d00eed17d",HAS_SECTION
"5dca98ce-2ed4-4a15-a911-4d2e1a7141e3","6d71dcde-7024-4175-b3c7-b2b48c3f9383",HAS_SECTION
"5dca98ce-2ed4-4a15-a911-4d2e1a7141e3","e742655b-2e05-465a-9d6b-ed35b69b1d38",HAS_SECTION
"9ccc6829-75ea-4601-82c7-d2864b6f1296","be9c24f2-1410-48e0-9504-ec1d75b4f486",HAS_SECTION
"d6ee5606-211c-4069-ae7b-463984e56927","3995b95e-448c-40aa-bf5c-9cf4f4084887",HAS_DEFINITION
"d6ee5606-211c-4069-ae7b-463984e56927","1787d5d2-cca1-4196-a8b6-baab7ecc2244",HAS_EXPLICATION
"d6ee5606-211c-4069-ae7b-463984e56927","0e6c368e-c5ef-4001-932f-970043e6b9c2",HAS_HISTORY
"127238ee-cd06-4381-991c-3fbbadba49ff","ab22df28-f1a4-4fec-9464-9edd146a1746",HAS_DEFINITION
"127238ee-cd06-4381-991c-3fbbadba49ff","3368a8f7-291e-425a-818e-30e927718c30",HAS_EXPLICATION
"127238ee-cd06-4381-991c-3fbbadba49ff","d106a5b1-8e10-4896-b869-1522556205bb",HAS_HISTORY
"f8538f9a-d13c-4ec9-b9fe-a309b9cfed3e","cef1acbf-49c8-4ffa-85e6-1a6235df508e",HAS_DEFINITION
"f8538f9a-d13c-4ec9-b9fe-a309b9cfed3e","65d15afc-d780-44dc-904d-818568d178a4",HAS_EXPLICATION
"f8538f9a-d13c-4ec9-b9fe-a309b9cfed3e","a318309a-c89f-47dd-b92c-bebc92893980",HAS_HISTORY
"0421d1ab-3eed-4f18-8465-a137a3e38570","20855d01-ab18-4713-83ac-4a02aafd32d1",HAS_DEFINITION
"0421d1ab-3eed-4f18-8465-a137a3e38570","24463c44-3f02-4816-b587-014fd3e3db65",HAS_EXPLICATION
"0421d1ab-3eed-4f18-8465-a137a3e38570","ef1f3e1e-9649-4864-8957-fa9d1a08f99f",HAS_HISTORY
"b12fc325-7fbd-4553-9b16-21b4f5c26f88","d53ad026-01b8-4207-a3e5-c3a78e051088",HAS_DEFINITION
"b12fc325-7fbd-4553-9b16-21b4f5c26f88","9dcbf21a-c78e-4649-b715-93f7816c118e",HAS_EXPLICATION
"b12fc325-7fbd-4553-9b16-21b4f5c26f88","9cbf8f01-64b7-4f0d-8ce0-1e4470f5be69",HAS_HISTORY
"27e7d410-21ed-42b7-877c-e2aef9b1a481","9e96a791-4958-4101-b849-e8ba76f2d4d7",HAS_DEFINITION
"27e7d410-21ed-42b7-877c-e2aef9b1a481","efc254f9-6691-4fef-b989-f37a131867a6",HAS_EXPLICATION
"27e7d410-21ed-42b7-877c-e2aef9b1a481","9c596c3c-ce8d-4bac-804b-2c7133919d10",HAS_HISTORY
"a5b12450-3c80-4b29-82ca-1aaaa5f83b79","c95f7127-b788-444d-8f31-c1966ff1fa8d",HAS_DEFINITION
"a5b12450-3c80-4b29-82ca-1aaaa5f83b79","619ae314-68af-4955-81a0-391034ad4063",HAS_EXPLICATION
"a5b12450-3c80-4b29-82ca-1aaaa5f83b79","434b0161-d623-46ba-90a2-3ce0d62d024f",HAS_HISTORY
"b018cf19-0940-42f8-90b5-4f6f2cf48298","00b833d2-2527-4376-bfcb-ecc4d2de2a06",HAS_DEFINITION
"b018cf19-0940-42f8-90b5-4f6f2cf48298","d34b22ba-9291-4b04-895b-ab14d9a4b0bb",HAS_EXPLICATION
"b018cf19-0940-42f8-90b5-4f6f2cf48298","4c231c87-fbda-403e-9b81-404d09cefc38",HAS_HISTORY
"25940941-1222-423e-b085-9dbe7eb86adb","3eabfea6-d16f-4d86-894b-36d203de218b",HAS_DEFINITION
"25940941-1222-423e-b085-9dbe7eb86adb","fef2933c-5f65-4a17-a391-d59e2995f137",HAS_EXPLICATION
"25940941-1222-423e-b085-9dbe7eb86adb","b9f34f53-846e-4762-9859-146b42173e68",HAS_HISTORY
"5ed6085f-c95f-4cbc-b23b-826ff32a3d7f","569ff84e-e43f-4ec5-b16d-d331d282df50",HAS_DEFINITION
"5ed6085f-c95f-4cbc-b23b-826ff32a3d7f","e04f4d7c-7ca9-4d95-a314-a8143454b074",HAS_EXPLICATION
"5ed6085f-c95f-4cbc-b23b-826ff32a3d7f","692f733b-987b-4b73-a2bd-b5f1a141ed3f",HAS_HISTORY
"00ff934b-1ca7-48f5-851e-8dae793f64c9","ad34d68a-f207-4d59-a0ac-7818a2645aad",HAS_DEFINITION
"00ff934b-1ca7-48f5-851e-8dae793f64c9","6f75cae8-ce5c-4725-85ee-dff46116d50b",HAS_EXPLICATION
"00ff934b-1ca7-48f5-851e-8dae793f64c9","8f6b5148-47ba-4e0e-9050-ced04011a4bb",HAS_HISTORY
"7bd13000-f703-4835-a31b-7dd25f8b7487","17e99bc0-01c1-4dbf-bf19-b7be2648519f",HAS_DEFINITION
"7bd13000-f703-4835-a31b-7dd25f8b7487","ac361449-097f-4e3d-82a9-693b0eb50ef3",HAS_EXPLICATION
"7bd13000-f703-4835-a31b-7dd25f8b7487","f15aee55-8e38-41c7-b1b6-4243fab7a250",HAS_HISTORY
"9040c014-db4a-45bc-83e1-0387e3bd5b94","22408a7b-2ae5-43eb-ae05-8a01c1a1e805",HAS_DEFINITION
"9040c014-db4a-45bc-83e1-0387e3bd5b94","132fce18-54fb-4bf1-919b-44b217a6e77f",HAS_EXPLICATION
"9040c014-db4a-45bc-83e1-0387e3bd5b94","f47de3c4-0ce1-4cf4-a490-ec16d4b118ca",HAS_HISTORY
"b0a2e695-6395-40da-8856-910b33e09c0d","d988276e-e716-4253-b39d-9c103ebb9218",HAS_DEFINITION
"b0a2e695-6395-40da-8856-910b33e09c0d","84da8040-ea9e-4303-a43a-3fe280744b1b",HAS_EXPLICATION
"b0a2e695-6395-40da-8856-910b33e09c0d","6515ee06-ab0b-463b-9a3d-a4d7e1ae2b8b",HAS_HISTORY
"a13bc8c6-ac24-4ca3-bc8a-13cda4bff88e","ae4154b4-5c60-42e6-8e66-8c7df12fdf5c",HAS_DEFINITION
"a13bc8c6-ac24-4ca3-bc8a-13cda4bff88e","a03866b1-5914-4561-af92-186d30bcb822",HAS_EXPLICATION
"a13bc8c6-ac24-4ca3-bc8a-13cda4bff88e","0fb729cf-0b2f-4c81-91d6-57c47f255358",HAS_HISTORY
"51385839-7ac6-47b9-a9de-22b5c13f4ac2","77d08dd2-9093-45e2-9f3f-4e5650dcf7d3",HAS_DEFINITION
"51385839-7ac6-47b9-a9de-22b5c13f4ac2","ba2e3757-bbcf-4fd6-9b28-d1d5003aa19d",HAS_EXPLICATION
"51385839-7ac6-47b9-a9de-22b5c13f4ac2","198ebcf4-9f78-45be-bd62-db28dc2af4fe",HAS_HISTORY
"b707eb2a-e6d3-4835-b569-9a7b4fb96da6","1cb9d31a-3195-4524-a88a-4f4d07b25f82",HAS_DEFINITION
"b707eb2a-e6d3-4835-b569-9a7b4fb96da6","6d8cead4-f9ec-49b3-b636-b897c081f2da",HAS_EXPLICATION
"b707eb2a-e6d3-4835-b569-9a7b4fb96da6","6ef4bfa1-7235-4292-bf0e-2bae898550c3",HAS_HISTORY
"f4393ed5-0496-4483-8ff8-7fddd0b5fa74","bf038d23-122b-483b-8c02-f316f322ca2c",HAS_DEFINITION
"f4393ed5-0496-4483-8ff8-7fddd0b5fa74","81788ae0-f8f9-48d2-9e79-3565bcba027c",HAS_EXPLICATION
"f4393ed5-0496-4483-8ff8-7fddd0b5fa74","64bfed32-01ba-4cd7-b59b-28dfba269229",HAS_HISTORY
"33dc8af5-5327-4fd6-bcb9-fbb7f94e837d","9b3b66b7-4830-4022-a85c-4fea782302ed",HAS_DEFINITION
"33dc8af5-5327-4fd6-bcb9-fbb7f94e837d","6c90d8a3-8cf2-43bd-896c-4067c8312c48",HAS_EXPLICATION
"33dc8af5-5327-4fd6-bcb9-fbb7f94e837d","ccd5562b-c833-42fa-9ca1-7f6e8856b1dd",HAS_HISTORY
"c81ddcf1-6594-4718-80e4-0e6fe53371c5","793b3c89-4959-4b5f-9b50-82d2b32a384c",HAS_DEFINITION
"c81ddcf1-6594-4718-80e4-0e6fe53371c5","07997552-e1ce-4685-9e36-7821538c0385",HAS_EXPLICATION
"c81ddcf1-6594-4718-80e4-0e6fe53371c5","65720f5f-e4e4-46df-9f2f-ad23d2b814e4",HAS_HISTORY
"9817038d-5a95-4cd0-a564-2d16b911a212","9b154ea3-d5db-48c8-a24b-97c874f6934e",HAS_DEFINITION
"9817038d-5a95-4cd0-a564-2d16b911a212","0b1f6aeb-cc70-442a-854c-08d85777da95",HAS_EXPLICATION
"9817038d-5a95-4cd0-a564-2d16b911a212","f664bc3f-29ea-4f0d-9044-34243efb32d6",HAS_HISTORY
"0f84ecee-a8b8-406a-9365-e0eb5d14d60a","9190a904-505a-454c-9907-4677db6fc4a3",HAS_DEFINITION
"0f84ecee-a8b8-406a-9365-e0eb5d14d60a","c1072276-4e1c-416a-b5d8-db2ef652aadd",HAS_EXPLICATION
"0f84ecee-a8b8-406a-9365-e0eb5d14d60a","2ec96b82-e5c3-4eb0-a6a6-02d6eaa1f932",HAS_HISTORY
"ba58a63d-1dc0-4901-ad3a-89ed4b471700","d9bbddc2-c92b-4b30-9653-e71b66d21ee0",HAS_DEFINITION
"ba58a63d-1dc0-4901-ad3a-89ed4b471700","dfd87b17-dc74-4103-a9a2-d4e62f54b9cb",HAS_EXPLICATION
"ba58a63d-1dc0-4901-ad3a-89ed4b471700","971395d2-402b-4db4-9410-5b5fd0a98662",HAS_HISTORY
"f5246fbb-17c0-48bc-afbc-fbef23ef8ca0","6113cb4b-732f-46ad-90b6-ebf4c541df58",HAS_DEFINITION
"f5246fbb-17c0-48bc-afbc-fbef23ef8ca0","e03fa885-b38a-4672-a1e1-18a47fbc57c3",HAS_EXPLICATION
"f5246fbb-17c0-48bc-afbc-fbef23ef8ca0","e115800e-8c60-4707-ab03-d5c1bf391752",HAS_HISTORY
"db838254-8906-4a01-9d42-69c4ae6e133e","8093b3db-1daa-4621-83a8-a026f421ed88",HAS_DEFINITION
"db838254-8906-4a01-9d42-69c4ae6e133e","757d21e3-d5df-41fd-aa8c-97f287d6e1e5",HAS_EXPLICATION
"db838254-8906-4a01-9d42-69c4ae6e133e","a031c532-c69b-4fd2-b3d5-eac9ed5f5098",HAS_HISTORY
"78a01bd9-1852-4c67-a526-2b0321cbbc98","3d22c4f8-65ff-4b75-a283-27788355fa62",HAS_DEFINITION
"78a01bd9-1852-4c67-a526-2b0321cbbc98","31a82b0c-3df0-484f-a739-70f8331e8feb",HAS_EXPLICATION
"78a01bd9-1852-4c67-a526-2b0321cbbc98","0ebf7104-5215-43d2-bfc1-507f5780f0af",HAS_HISTORY
"ae7a9fa1-2219-4749-9488-7b8bbd9a6b4f","7fe30787-f6a0-4699-8e82-1a5680bb3409",HAS_DEFINITION
"ae7a9fa1-2219-4749-9488-7b8bbd9a6b4f","4c10fa59-efef-4d0b-bc67-9764cd79ac37",HAS_EXPLICATION
"ae7a9fa1-2219-4749-9488-7b8bbd9a6b4f","670a3d2b-9bec-472b-bddb-c0c04f4d12f3",HAS_HISTORY
"3b0d12e2-3d47-4d05-9cee-355aeee0fe93","2d6a6543-5325-444a-8a55-b1efc93bd188",HAS_DEFINITION
"3b0d12e2-3d47-4d05-9cee-355aeee0fe93","f7702f6e-59bc-4306-ac77-1f5c09a17b46",HAS_EXPLICATION
"3b0d12e2-3d47-4d05-9cee-355aeee0fe93","1d5ce1e6-628f-442f-b7ee-3e5d3198ecfd",HAS_HISTORY
"c8c72798-bad4-4b48-8b55-f18faa5403ca","82cfa854-ad37-419d-a14d-afdaf145c0fe",HAS_DEFINITION
"c8c72798-bad4-4b48-8b55-f18faa5403ca","3e9d27ca-5435-4f80-800d-1c73e8028090",HAS_EXPLICATION
"c8c72798-bad4-4b48-8b55-f18faa5403ca","694638c2-a418-41bc-9e46-4bac3aee8015",HAS_HISTORY
"2ec6e9c1-0d8e-4530-be56-f7d09676a2fc","1e334d8e-76ab-4ad9-999e-469abb1fcf55",HAS_DEFINITION
"2ec6e9c1-0d8e-4530-be56-f7d09676a2fc","0c758e71-0479-4e68-876b-475f17b079d6",HAS_EXPLICATION
"2ec6e9c1-0d8e-4530-be56-f7d09676a2fc","628827c8-ea94-4ebb-911f-c35c706f38f3",HAS_HISTORY
"7655ea3d-8208-4fb9-9c5c-c80732252fe2","e75d7af8-beec-4a2d-9220-90d4df8a8413",HAS_DEFINITION
"7655ea3d-8208-4fb9-9c5c-c80732252fe2","78ae117d-80c9-4548-abe0-930812714937",HAS_EXPLICATION
"7655ea3d-8208-4fb9-9c5c-c80732252fe2","cf3ac90b-017c-4c9d-b403-b053ab299a1f",HAS_HISTORY
"c2d42dec-de54-4897-b0d1-54dd7edbf52c","e14301d9-7ac9-41a8-8b2e-3cd3fa2c2e42",HAS_DEFINITION
"c2d42dec-de54-4897-b0d1-54dd7edbf52c","e0ca760d-5c6c-4444-9777-f6bfd1602759",HAS_EXPLICATION
"c2d42dec-de54-4897-b0d1-54dd7edbf52c","d79a7720-101d-4d61-88b9-5c2be6be58df",HAS_HISTORY
"924e0081-30af-4b0d-ae9d-3999d3746399","3bf66232-fbd0-4135-9b20-71d314b7c195",HAS_DEFINITION
"924e0081-30af-4b0d-ae9d-3999d3746399","ff797862-8ab2-4998-adbe-7afc1548f2fa",HAS_EXPLICATION
"924e0081-30af-4b0d-ae9d-3999d3746399","ff67f532-d25b-4bb5-a855-78b838580da4",HAS_HISTORY
"cca1f429-9187-4269-b0aa-7eaeb37cb069","a8ed392a-191f-4c5a-bcbb-68bbb8446e64",HAS_DEFINITION
"cca1f429-9187-4269-b0aa-7eaeb37cb069","0b0da1e2-cc0a-43cf-9230-94fbacbe7f67",HAS_EXPLICATION
"cca1f429-9187-4269-b0aa-7eaeb37cb069","29791913-9a72-4539-9581-2577beff26fd",HAS_HISTORY
"6b4c2f03-9444-4513-badb-5d3fae84073d","ae4271d7-f3f3-4c89-bcd7-041a20375f03",HAS_DEFINITION
"6b4c2f03-9444-4513-badb-5d3fae84073d","edf026c7-23f9-401d-9754-762b380e580f",HAS_EXPLICATION
"6b4c2f03-9444-4513-badb-5d3fae84073d","7c34dada-8077-459f-8fb5-3b5e8669536c",HAS_HISTORY
"e2ba9129-7198-43ae-8d97-7fbd138ac084","f7fa5695-e056-488d-8f28-f6b7b1d2ae94",HAS_DEFINITION
"e2ba9129-7198-43ae-8d97-7fbd138ac084","1d561642-e7a9-42b9-8df4-07916f8addd9",HAS_EXPLICATION
"e2ba9129-7198-43ae-8d97-7fbd138ac084","8d75f43c-d69c-4d9d-aff6-03ab1e9ab7c7",HAS_HISTORY
"6f8a82d4-7f59-4b42-b1e8-8a1bc3e684b3","9af8428f-7b66-4ed0-a459-a16144a1c416",HAS_DEFINITION
"6f8a82d4-7f59-4b42-b1e8-8a1bc3e684b3","bef3cf6b-c3a4-4046-be00-c0d931b4f423",HAS_EXPLICATION
"6f8a82d4-7f59-4b42-b1e8-8a1bc3e684b3","c862aca6-b04b-4573-9f6e-88808346a69d",HAS_HISTORY
"75da46ee-2ba4-4abd-bcc6-79db58f190fb","1648e929-9e24-4e34-8384-47b89342a1f8",HAS_DEFINITION
"75da46ee-2ba4-4abd-bcc6-79db58f190fb","68ce21aa-4ed1-4ae5-af7f-7a28426cdd28",HAS_EXPLICATION
"75da46ee-2ba4-4abd-bcc6-79db58f190fb","5b3f882b-7c51-4e6f-a58b-033ce34b686d",HAS_HISTORY
"07281f9b-9968-4735-8c17-928f30c28dbb","fb5473c6-8e54-428f-a2e6-695686fa5c31",HAS_DEFINITION
"07281f9b-9968-4735-8c17-928f30c28dbb","715e3592-eb2b-4f33-b5d6-50efe99af9f7",HAS_EXPLICATION
"07281f9b-9968-4735-8c17-928f30c28dbb","28999172-6361-48e3-a1cc-14599e06d3e4",HAS_HISTORY
"a5b425ce-a730-4ce0-9a17-23daf7ea0e76","b8e10458-903b-43f5-befa-df11f800b6c5",HAS_DEFINITION
"a5b425ce-a730-4ce0-9a17-23daf7ea0e76","9ad3e74a-a8ff-4acf-9a8e-2a6b636c14b3",HAS_EXPLICATION
"a5b425ce-a730-4ce0-9a17-23daf7ea0e76","60a31367-0d11-4ed4-ab5e-e30dad1ceab6",HAS_HISTORY
"63239025-10a7-4c8f-93b7-c95d03da9f08","1ac97293-1e7a-4edd-b230-b304239cf2a2",HAS_DEFINITION
"63239025-10a7-4c8f-93b7-c95d03da9f08","8c942759-5bdb-473e-80d2-1a57f1e39ec3",HAS_EXPLICATION
"63239025-10a7-4c8f-93b7-c95d03da9f08","1fdf7145-0eb7-435a-ba7e-e7b6d68d6780",HAS_HISTORY
"d82f4624-57d8-41e6-a06b-0d96a0677605","2ad31bb9-9c28-40df-b80c-b4a1ef56dbdc",HAS_DEFINITION
"d82f4624-57d8-41e6-a06b-0d96a0677605","54799e9b-fc58-4c63-930d-3485563ce9e8",HAS_EXPLICATION
"d82f4624-57d8-41e6-a06b-0d96a0677605","9ede53f2-efdc-42e8-b43d-b8109ec542b7",HAS_HISTORY
"4fde5c84-506e-4c84-92b4-9345f7a47d38","fb5ea386-cb27-40db-a24e-809a9e17a9de",HAS_DEFINITION
"4fde5c84-506e-4c84-92b4-9345f7a47d38","ffb10d51-a15f-4d40-b653-0a669dde2d31",HAS_EXPLICATION
"4fde5c84-506e-4c84-92b4-9345f7a47d38","4e5825f7-c21a-48d4-afac-b5b6bd18a9fb",HAS_HISTORY
"f89cc727-97c6-4199-af42-9f2516fcd31a","7b0bea25-f8c0-4cd1-bfe0-e5f2b2f7fcbc",HAS_DEFINITION
"f89cc727-97c6-4199-af42-9f2516fcd31a","d437910a-0c3b-460f-bdf9-450d81f34467",HAS_EXPLICATION
"f89cc727-97c6-4199-af42-9f2516fcd31a","ae89d869-f358-40f7-b5d3-1de9199371f8",HAS_HISTORY
"ddc7889d-21f6-46ea-9100-c4e0e17cb13e","b2c85da9-372e-4e9a-a7b9-b564e59f45ff",HAS_DEFINITION
"ddc7889d-21f6-46ea-9100-c4e0e17cb13e","29e950ed-6db0-43df-a8b0-98b302136636",HAS_EXPLICATION
"ddc7889d-21f6-46ea-9100-c4e0e17cb13e","15fabebb-9e80-49fd-a3ec-5cf1d18ac409",HAS_HISTORY
"740c3a5a-0bb1-4400-b926-a468136e8d5e","2217af94-3bd6-4741-a090-e8236c2b2632",HAS_DEFINITION
"740c3a5a-0bb1-4400-b926-a468136e8d5e","b1661886-3e84-4283-b5e3-86a1f28f6507",HAS_EXPLICATION
"740c3a5a-0bb1-4400-b926-a468136e8d5e","e230dce2-4f5f-49bf-a71f-a585ce51e293",HAS_HISTORY
"bfb65f9c-2b6a-46db-b150-335f8e805bc8","387b292c-98c2-4370-a464-5158e9ea7440",HAS_DEFINITION
"bfb65f9c-2b6a-46db-b150-335f8e805bc8","5913d719-03b9-435f-a33d-78bfe31efde5",HAS_EXPLICATION
"bfb65f9c-2b6a-46db-b150-335f8e805bc8","026a6f9f-5ff1-4bbd-b37b-4e6c81fc38ed",HAS_HISTORY
"7cc5b8e7-dbe2-4ebb-9d6d-bb055b3c7cc6","6a12c4dd-1598-41df-b89a-5cc7bb2c42d0",HAS_DEFINITION
"7cc5b8e7-dbe2-4ebb-9d6d-bb055b3c7cc6","399763dd-6699-4b08-bf96-a6f453145bab",HAS_EXPLICATION
"7cc5b8e7-dbe2-4ebb-9d6d-bb055b3c7cc6","0e79a854-8a97-46e0-a556-4b2b33a7c710",HAS_HISTORY
"befd88f0-0e52-4344-a477-de96959c5c4c","ed520d78-cad8-456a-8490-47e5456cce24",HAS_DEFINITION
"befd88f0-0e52-4344-a477-de96959c5c4c","709455e1-d434-4cc3-b351-9e1691b10ec1",HAS_EXPLICATION
"befd88f0-0e52-4344-a477-de96959c5c4c","7a2b79a8-4b0f-40a6-bef8-3477c8d85b06",HAS_HISTORY
"03471b38-43cf-430c-a958-aefaa09a5a6c","fe6d1852-c94f-47eb-82c3-5c68eb87ffbb",HAS_DEFINITION
"03471b38-43cf-430c-a958-aefaa09a5a6c","a6620e3a-d703-4297-a387-78e10c2df6e5",HAS_EXPLICATION
"03471b38-43cf-430c-a958-aefaa09a5a6c","b1ae8a22-a8df-400f-80c8-fea43471cf89",HAS_HISTORY
"3cccbfb4-e1f8-48d6-8eeb-f602a6841bfa","8d822be9-c95b-4ace-9234-85de888952c3",HAS_DEFINITION
"3cccbfb4-e1f8-48d6-8eeb-f602a6841bfa","b1306841-6928-4ab7-a8cc-e43069a51d2c",HAS_EXPLICATION
"3cccbfb4-e1f8-48d6-8eeb-f602a6841bfa","4f116ee1-e5da-48ee-91ee-4d620c6ee6db",HAS_HISTORY
"042153d7-7551-4de8-bcf4-12e3582d61c7","4bccce55-3201-49b8-8ba4-eb749159c2fa",HAS_DEFINITION
"042153d7-7551-4de8-bcf4-12e3582d61c7","bd6e4811-e9a6-4397-b6fb-9307adab347a",HAS_EXPLICATION
"042153d7-7551-4de8-bcf4-12e3582d61c7","7b72fda2-1e95-448f-a995-7e280753a4f7",HAS_HISTORY
"68d14dd2-6297-459d-9088-f8dae3145c6c","7e9a3302-d35a-4be9-850d-51cf28bf8c57",HAS_DEFINITION
"68d14dd2-6297-459d-9088-f8dae3145c6c","c84b1bfd-a12c-44b6-9f10-d6e6032d8214",HAS_EXPLICATION
"68d14dd2-6297-459d-9088-f8dae3145c6c","7d5caef8-928a-4c5d-ad9f-dee3c91b1a40",HAS_HISTORY
"3f377a8e-7f4d-4369-b990-8f924566e390","0108b6e0-c89a-421a-9a7c-813d07e45332",HAS_DEFINITION
"3f377a8e-7f4d-4369-b990-8f924566e390","f3afd418-3878-4975-8b8e-1cba5f7640cd",HAS_EXPLICATION
"3f377a8e-7f4d-4369-b990-8f924566e390","2c260b8e-cfe3-4d42-98bd-1e9c355216e2",HAS_HISTORY
"bbc07f19-9811-42e9-b722-c6fb10fc192f","c48e00d7-a056-46f5-8569-12f1cd58c20c",HAS_DEFINITION
"bbc07f19-9811-42e9-b722-c6fb10fc192f","4a29ec28-acda-40f1-8d83-84f3600d4187",HAS_EXPLICATION
"bbc07f19-9811-42e9-b722-c6fb10fc192f","ebe46d57-6a18-4e9b-bbfd-0872fad8e60d",HAS_HISTORY
"3cf89ebb-ec4a-46fc-a0fe-67e1e54b74f3","7adb00fb-63d1-4333-813c-bb77c0ad2337",HAS_DEFINITION
"3cf89ebb-ec4a-46fc-a0fe-67e1e54b74f3","f5d70f9a-1c05-4c60-bb74-80277f0ae78a",HAS_EXPLICATION
"3cf89ebb-ec4a-46fc-a0fe-67e1e54b74f3","d83407dc-4e57-4414-9643-29b3f8a92b80",HAS_HISTORY
"24761d30-c7e5-4eb0-b1b7-bf1f4912d372","aaf91e55-b289-429d-b234-2b8f85cb4b26",HAS_DEFINITION
"24761d30-c7e5-4eb0-b1b7-bf1f4912d372","ea07e85a-0d24-4ecb-ae44-1562726d2b2c",HAS_EXPLICATION
"24761d30-c7e5-4eb0-b1b7-bf1f4912d372","314b5a03-3001-4448-a85f-a2f8063a7748",HAS_HISTORY
"51114c6a-37d9-435f-add9-78d5a5b38c94","ba207a59-e66b-4b4c-bdeb-fb99186965b4",HAS_DEFINITION
"51114c6a-37d9-435f-add9-78d5a5b38c94","3471a774-637a-468c-b1f7-b5b3524202df",HAS_EXPLICATION
"51114c6a-37d9-435f-add9-78d5a5b38c94","b088a9a3-8fce-49f5-8748-cfb142fe7665",HAS_HISTORY
"1a33c4e0-4ee9-4c5f-913c-c47eb93d8a43","9218a384-794a-41e3-b94f-62f9ad74f0ec",HAS_DEFINITION
"1a33c4e0-4ee9-4c5f-913c-c47eb93d8a43","b688c110-0e94-468b-9af3-caa860926a6c",HAS_EXPLICATION
"1a33c4e0-4ee9-4c5f-913c-c47eb93d8a43","f04d40ff-edcb-477e-9fea-d231f157f613",HAS_HISTORY
"08b7416f-528b-4233-99e6-6767a0aa3dfc","57ccc11b-d89d-4ecc-9eb2-237899417b62",HAS_DEFINITION
"08b7416f-528b-4233-99e6-6767a0aa3dfc","b3360838-6ce8-4a8a-ad21-a573444e6382",HAS_EXPLICATION
"08b7416f-528b-4233-99e6-6767a0aa3dfc","f80ffd33-a003-4620-ac4b-f237fc80f1c3",HAS_HISTORY
"a5ca1077-310d-45cc-8f73-bcc4f624cf85","191118df-0b6f-4876-9fb0-df8984c6a8f0",HAS_DEFINITION
"a5ca1077-310d-45cc-8f73-bcc4f624cf85","a2d1fefd-09c5-4c5c-8e9a-00f0a78ef608",HAS_EXPLICATION
"a5ca1077-310d-45cc-8f73-bcc4f624cf85","5481256c-29f3-4e40-9e5c-1c25507b8f21",HAS_HISTORY
"1974d60d-71f5-41c8-93a1-a142eb10b943","314f8464-0c0e-4b0d-9ab9-1581b05bc1ae",HAS_DEFINITION
"1974d60d-71f5-41c8-93a1-a142eb10b943","370a8f6e-46f6-4539-a7e1-375a76ad765d",HAS_EXPLICATION
"1974d60d-71f5-41c8-93a1-a142eb10b943","3271e6ed-40d9-4c72-b1bf-75541957e464",HAS_HISTORY
"ffa650ab-482c-4ef4-9daf-90750ae52bb6","23614640-1f81-40a2-839a-6cf0df052de4",HAS_DEFINITION
"ffa650ab-482c-4ef4-9daf-90750ae52bb6","8d6ef0b2-54bf-4db5-ad6a-dce197505edd",HAS_EXPLICATION
"ffa650ab-482c-4ef4-9daf-90750ae52bb6","f956194b-a13c-4b02-9664-56d71127cf1f",HAS_HISTORY
"c8dd68dd-868f-43c0-b7b5-f6d39a6d81a0","4a46e50e-62e5-43e3-89b1-90465f13487e",HAS_DEFINITION
"c8dd68dd-868f-43c0-b7b5-f6d39a6d81a0","7ba6604f-0548-4fcc-a82a-4c2f221ef201",HAS_EXPLICATION
"c8dd68dd-868f-43c0-b7b5-f6d39a6d81a0","02a1b510-733d-418b-82e9-1759b4518222",HAS_HISTORY
"a78be36c-8d6c-402b-afeb-62c6a1a13eaa","efb0cade-9c97-40f2-8985-108d5a71d7a9",HAS_DEFINITION
"a78be36c-8d6c-402b-afeb-62c6a1a13eaa","11135b12-9efa-4db2-aeaa-ec6bbea85467",HAS_EXPLICATION
"a78be36c-8d6c-402b-afeb-62c6a1a13eaa","9d4a5347-e992-4ca6-9a49-006de6be78fc",HAS_HISTORY
"f83bd943-5c4c-413d-b832-7344e8a56f03","6a4c89bc-0bc8-4d55-aea1-fe300533adfc",HAS_DEFINITION
"f83bd943-5c4c-413d-b832-7344e8a56f03","fd8dc2be-dd9e-4910-bf93-fb543a3997b2",HAS_EXPLICATION
"f83bd943-5c4c-413d-b832-7344e8a56f03","cb044e3f-5731-4267-ae63-e65a2725d9b7",HAS_HISTORY
"23fe3479-1c55-4dab-9303-c68ffa4b16b2","084ed17f-0b1f-4857-90c7-0ce3a9f911a1",HAS_DEFINITION
"23fe3479-1c55-4dab-9303-c68ffa4b16b2","bd85d9d8-41e3-4ffd-b166-16e7b26e674d",HAS_EXPLICATION
"23fe3479-1c55-4dab-9303-c68ffa4b16b2","0715d421-9dc2-4858-a5c6-2594b5dd1a8f",HAS_HISTORY
"932c775f-8dcf-4c50-a387-03dbf3b8b848","3256d023-2a5a-461f-b4cf-9968ff6fc127",HAS_DEFINITION
"932c775f-8dcf-4c50-a387-03dbf3b8b848","16eb67da-8796-40a2-a03f-a9c346351e59",HAS_EXPLICATION
"932c775f-8dcf-4c50-a387-03dbf3b8b848","c700585c-ce8e-4e4c-ac75-0c0d7c4869c2",HAS_HISTORY
"48aa6857-4bee-4d9d-808d-58d3b36cabc4","1ebe9820-6f6b-4a8c-ba1d-5a47e7d8aa33",HAS_DEFINITION
"48aa6857-4bee-4d9d-808d-58d3b36cabc4","1982c27e-691a-4845-a609-81268c623570",HAS_EXPLICATION
"48aa6857-4bee-4d9d-808d-58d3b36cabc4","4820effc-8352-4f58-b6b8-30ed2e282e00",HAS_HISTORY
"13b9da44-9f56-4cb7-a71f-2955e22489c8","fae7b386-b505-4c44-ae9e-26ccd65c1d03",HAS_DEFINITION
"13b9da44-9f56-4cb7-a71f-2955e22489c8","5c1193b7-49fb-4092-88fb-84f25d3d6224",HAS_EXPLICATION
"13b9da44-9f56-4cb7-a71f-2955e22489c8","6ac9cac2-9b64-4728-841e-659ec528a297",HAS_HISTORY
"ed28f9f3-ce3b-4c3b-b41d-4ec57cc6b57a","4cba9b08-8344-4752-a252-f59a51087b3f",HAS_DEFINITION
"ed28f9f3-ce3b-4c3b-b41d-4ec57cc6b57a","3caf738e-b46d-4bcf-b52b-5df9e39ce7f4",HAS_EXPLICATION
"ed28f9f3-ce3b-4c3b-b41d-4ec57cc6b57a","20e9f664-4c52-451d-801f-6b2861cb93e3",HAS_HISTORY
"ed1b0b43-acc3-4205-86de-ad2184c0c616","346bc603-27cf-4690-8726-62c082834e16",HAS_DEFINITION
"ed1b0b43-acc3-4205-86de-ad2184c0c616","a69f3228-e1a7-4a50-98c7-283f6ea64576",HAS_EXPLICATION
"ed1b0b43-acc3-4205-86de-ad2184c0c616","57410bd9-9342-42c3-bec7-e07e1233e780",HAS_HISTORY
"015f0916-f6cc-4c06-b7df-21e1d826cedb","2dfc063c-0380-45e9-8597-b0d7f991e282",HAS_DEFINITION
"015f0916-f6cc-4c06-b7df-21e1d826cedb","c7e92c54-bc21-4840-891c-ce0e6aa66965",HAS_EXPLICATION
"015f0916-f6cc-4c06-b7df-21e1d826cedb","a8236cca-2e2b-44a2-aa52-9d60723e3674",HAS_HISTORY
"e57197e0-f9b7-4b9b-bd13-970269baf1dc","d6b52428-bc76-4608-8591-ea56f268623b",HAS_DEFINITION
"e57197e0-f9b7-4b9b-bd13-970269baf1dc","95b9e19b-77ee-485e-a444-eb52c9e42e1b",HAS_EXPLICATION
"e57197e0-f9b7-4b9b-bd13-970269baf1dc","d9fe99fa-832b-4e44-8918-4a4a5612696c",HAS_HISTORY
"1be92914-43c5-41ae-b098-149eb9df3209","777b0f49-94b5-4442-8dc8-02dc8848f8e2",HAS_DEFINITION
"1be92914-43c5-41ae-b098-149eb9df3209","0e236e03-69d4-45ff-bfc5-2d794a04d224",HAS_EXPLICATION
"1be92914-43c5-41ae-b098-149eb9df3209","a57bc761-4300-4f63-bf3f-367be7670400",HAS_HISTORY
"e7dacf6f-6f8a-482f-8807-925867b1ffe0","9e18524f-c120-4c6b-a7d7-05713422dc61",HAS_DEFINITION
"e7dacf6f-6f8a-482f-8807-925867b1ffe0","c150e6d5-16eb-40e4-bde6-64a4752568e4",HAS_EXPLICATION
"e7dacf6f-6f8a-482f-8807-925867b1ffe0","06259b2f-d22e-4302-9617-9a93ecfe0673",HAS_HISTORY
"1816dbab-b325-436c-86b9-27ee7211f135","f917b270-0737-424a-ad80-e209340f9c51",HAS_DEFINITION
"1816dbab-b325-436c-86b9-27ee7211f135","c516ebb1-f08d-47de-aaf1-68d9055fbcf1",HAS_EXPLICATION
"1816dbab-b325-436c-86b9-27ee7211f135","3adf73c9-4ae9-4a0d-99ec-68c29b4208af",HAS_HISTORY
"119538ab-893a-4829-9c11-ec8bf81d3c1b","b2572b1f-9056-429c-a83f-6987dba1eb88",HAS_DEFINITION
"119538ab-893a-4829-9c11-ec8bf81d3c1b","cca47ee7-751e-4df3-8c7c-7c19fc0ef716",HAS_EXPLICATION
"119538ab-893a-4829-9c11-ec8bf81d3c1b","c99d4dda-baba-44b9-be2e-3aa000810275",HAS_HISTORY
"e966d8d1-dcb8-4334-bf34-46758af3af25","429372ff-d051-4e7b-9ac5-73e0948953d0",HAS_DEFINITION
"e966d8d1-dcb8-4334-bf34-46758af3af25","f4f6bebe-2fd9-4069-9965-e2dc53037353",HAS_EXPLICATION
"e966d8d1-dcb8-4334-bf34-46758af3af25","652faeee-67cf-450f-b451-ec99263780d2",HAS_HISTORY
"798505bf-2e72-435f-9ecb-961c2e5c7d6d","100c1d46-f224-4f84-8c76-fd5b3ed9de31",HAS_DEFINITION
"798505bf-2e72-435f-9ecb-961c2e5c7d6d","fbfc9093-76e6-44bf-9649-b3faddc46f4f",HAS_EXPLICATION
"798505bf-2e72-435f-9ecb-961c2e5c7d6d","63da3ccb-ed78-465d-b724-8f091b0af200",HAS_HISTORY
"19acb4ba-76e3-438f-9fcc-92dcd9906d75","adbaa48c-307b-4372-bb12-0ab1310db870",HAS_DEFINITION
"19acb4ba-76e3-438f-9fcc-92dcd9906d75","394f31af-bde1-4a3e-866c-79075df2a24e",HAS_EXPLICATION
"19acb4ba-76e3-438f-9fcc-92dcd9906d75","45b1a08b-1a44-4fd5-923b-78d7749b24de",HAS_HISTORY
"b27da182-6320-4e34-ba9d-f4509f1d03a2","f57651bb-c84d-4348-ada7-df97dcf786b6",HAS_DEFINITION
"b27da182-6320-4e34-ba9d-f4509f1d03a2","6d8111f9-1b3a-4008-a02b-6c53db1086ad",HAS_EXPLICATION
"b27da182-6320-4e34-ba9d-f4509f1d03a2","bb2f2ab0-4740-45da-b25b-a2f2fd182f3b",HAS_HISTORY
"cd20c9e0-cb9b-4c2e-9740-eec5e90deb85","a690c3d9-3a3f-491c-bc68-a60f6641a464",HAS_DEFINITION
"cd20c9e0-cb9b-4c2e-9740-eec5e90deb85","04cacc6c-cff1-45cc-be9d-74dbcb8e82ea",HAS_EXPLICATION
"cd20c9e0-cb9b-4c2e-9740-eec5e90deb85","1433dddb-fb2c-4428-be79-6a2e511e7844",HAS_HISTORY
"2ccc4bca-3147-4d18-86df-5112c1dc3b51","0a10f6b5-7168-4f11-9d6e-76413d74ab95",HAS_DEFINITION
"2ccc4bca-3147-4d18-86df-5112c1dc3b51","e480abc9-2882-4ed0-9ae8-95d2d6d7d00e",HAS_EXPLICATION
"2ccc4bca-3147-4d18-86df-5112c1dc3b51","b57639c1-acc4-4d71-84e0-7352ab28f65d",HAS_HISTORY
"9f0e9f03-5e13-4d32-a5dd-3ddd010c7f23","11446db7-d51b-4c64-96c7-379914e4c447",HAS_DEFINITION
"9f0e9f03-5e13-4d32-a5dd-3ddd010c7f23","f507bd01-289c-44a5-a014-db65c8f4e01d",HAS_EXPLICATION
"9f0e9f03-5e13-4d32-a5dd-3ddd010c7f23","8c5f4d07-ab39-4710-9e21-91b3fd5865a3",HAS_HISTORY
"f452b31d-2211-40eb-a0d7-596c62a62c71","bdad5b84-37e4-49a5-a252-993adef96d9d",HAS_DEFINITION
"f452b31d-2211-40eb-a0d7-596c62a62c71","3ac8b43e-80ac-4702-9e11-a907eed564f2",HAS_EXPLICATION
"f452b31d-2211-40eb-a0d7-596c62a62c71","86e96ff9-2f9b-4b3c-b364-b0f6d874bfe6",HAS_HISTORY
"614a0445-19ce-4cbe-a6af-3fe168b45407","ccc62a23-bb5f-41bd-8c97-d5a7b07f84bd",HAS_DEFINITION
"614a0445-19ce-4cbe-a6af-3fe168b45407","aab6b978-abc7-4111-a36b-7a2986028e46",HAS_EXPLICATION
"614a0445-19ce-4cbe-a6af-3fe168b45407","18d17fe4-7215-48fb-9624-a077598608cb",HAS_HISTORY
"84ad10f3-51ad-419d-9d72-7d8eb96b0fba","a1d41113-32c4-4638-93de-01240d2f9032",HAS_DEFINITION
"84ad10f3-51ad-419d-9d72-7d8eb96b0fba","44c088eb-b215-49e7-bf05-0192fb02ff9c",HAS_EXPLICATION
"84ad10f3-51ad-419d-9d72-7d8eb96b0fba","ff98ad03-6aa9-4044-aa95-9f5cacfd8ee1",HAS_HISTORY
"528aad35-9ea9-4dd1-b3bf-433d888a21de","115304d6-fac0-44a7-9756-f3bf83174e06",HAS_DEFINITION
"528aad35-9ea9-4dd1-b3bf-433d888a21de","16d8719d-9394-4787-84d4-d96fd4bc5ff6",HAS_EXPLICATION
"528aad35-9ea9-4dd1-b3bf-433d888a21de","21ad808e-c403-44af-b8d1-64effe94d6df",HAS_HISTORY
"a2486645-56b3-4c04-a946-92d6bd95a002","ff1e0bc6-2ed9-4110-8466-317ef8b7f441",HAS_DEFINITION
"a2486645-56b3-4c04-a946-92d6bd95a002","671ab488-328f-4cda-b217-9779f1dd0985",HAS_EXPLICATION
"a2486645-56b3-4c04-a946-92d6bd95a002","9d2c0f7c-ba4b-400e-b6e6-07a27b873651",HAS_HISTORY
"1afe4911-ed73-4435-a069-c9c84d4ece47","3b5ccf15-59d7-46b1-bec9-74baae4b3090",HAS_DEFINITION
"1afe4911-ed73-4435-a069-c9c84d4ece47","78539f01-5603-4edc-a0e2-a4d194e646a6",HAS_EXPLICATION
"1afe4911-ed73-4435-a069-c9c84d4ece47","4afbbf16-705d-4ff6-bb0e-30348e012e74",HAS_HISTORY
"25db4572-4b77-49b5-8c75-d99c6fb11653","ba7d69d3-fa07-47a1-839b-0010f94ee8b5",HAS_DEFINITION
"25db4572-4b77-49b5-8c75-d99c6fb11653","d662d0d5-b136-48f2-ba7a-b0979731428e",HAS_EXPLICATION
"25db4572-4b77-49b5-8c75-d99c6fb11653","58d3a11a-1e64-45a5-8519-ca2107480f59",HAS_HISTORY
"4152218c-aea0-4848-87ce-2303708fb5a9","4d0fefa4-13bf-4488-a471-e851b6c6ea36",HAS_DEFINITION
"4152218c-aea0-4848-87ce-2303708fb5a9","466b7d5b-4ac2-4587-841f-a43cbe157015",HAS_EXPLICATION
"4152218c-aea0-4848-87ce-2303708fb5a9","34671462-b006-4db4-86f6-deef9805dbce",HAS_HISTORY
"803b49da-e2d8-4e53-ad4b-f3f4fc243c6f","fb2cf02d-8028-4b33-8a63-9ea8936e1df0",HAS_DEFINITION
"803b49da-e2d8-4e53-ad4b-f3f4fc243c6f","68cca617-7098-40ea-bd44-694eefccc3c1",HAS_EXPLICATION
"803b49da-e2d8-4e53-ad4b-f3f4fc243c6f","0d3cf3a6-e945-4cb3-9c03-c2db87a0ca75",HAS_HISTORY
"58e943c2-e891-4e42-8fbc-fdb60fc8ad14","d0623ef8-fec1-46f0-b11d-0ca4c42cc120",HAS_DEFINITION
"58e943c2-e891-4e42-8fbc-fdb60fc8ad14","b7c0b2af-1e8e-49c5-b728-27e37cbe843d",HAS_EXPLICATION
"58e943c2-e891-4e42-8fbc-fdb60fc8ad14","147dedf6-48ab-49e5-ac22-2465b076177c",HAS_HISTORY
"7f7876c8-432b-4841-80c3-2556f4778ed6","a5d7fc52-57f9-486c-bc56-60eb50183ac9",HAS_DEFINITION
"7f7876c8-432b-4841-80c3-2556f4778ed6","36c1f654-0c44-4683-b6bd-e9aa237dcec7",HAS_EXPLICATION
"7f7876c8-432b-4841-80c3-2556f4778ed6","ce58ac57-069b-467b-8af8-b82e12265e23",HAS_HISTORY
"122ae589-4ae4-4bbd-b921-8c7fbf2a6b1b","5208bb30-6c13-4b5d-b672-543830e044fe",HAS_DEFINITION
"122ae589-4ae4-4bbd-b921-8c7fbf2a6b1b","7e2f21e2-70fe-429c-9329-b756aaf77421",HAS_EXPLICATION
"122ae589-4ae4-4bbd-b921-8c7fbf2a6b1b","dbad1412-ebf0-40cb-863d-22ca8b92f5db",HAS_HISTORY
"6e04447a-3cab-4c68-bb50-fc32b9364783","74a0276b-4b1c-449f-bc83-4759943347a2",HAS_DEFINITION
"6e04447a-3cab-4c68-bb50-fc32b9364783","4b7d245a-6689-4dc8-9f13-bf7c15bd5836",HAS_EXPLICATION
"6e04447a-3cab-4c68-bb50-fc32b9364783","7dfe077f-c7de-4408-b4b9-3f0ec62aebb2",HAS_HISTORY
"7d9be466-1500-4884-b46a-9417122fc9a3","ad89ef84-7cd6-40ad-a644-1d9dabe00b88",HAS_DEFINITION
"7d9be466-1500-4884-b46a-9417122fc9a3","7b191eb8-e497-4ae0-b49a-46559c21627e",HAS_EXPLICATION
"7d9be466-1500-4884-b46a-9417122fc9a3","0c7b59a2-254e-43f2-99df-83230aee6879",HAS_HISTORY
"383ac870-209a-4b38-b860-12b008f4e2e5","a7f85dc6-841e-4d35-9a9d-36fa184e5051",HAS_DEFINITION
"383ac870-209a-4b38-b860-12b008f4e2e5","ea33adad-d9c7-4309-a682-832e983eb201",HAS_EXPLICATION
"383ac870-209a-4b38-b860-12b008f4e2e5","d9b19960-0d08-475e-b225-6b2009cd5ccf",HAS_HISTORY
"9ccc6829-75ea-4601-82c7-d2864b6f1296","4a85a4b1-84b2-42ca-bbf0-d11b7e704829",HAS_DEFINITION
"9ccc6829-75ea-4601-82c7-d2864b6f1296","bf371dd5-f870-425f-9fb3-0459540f0b9a",HAS_EXPLICATION
"9ccc6829-75ea-4601-82c7-d2864b6f1296","139b3d83-dc8f-47b0-9904-1baf9a503c43",HAS_HISTORY
"57d75cc9-d508-4c3d-a967-58ba8bb86f3c","939c93b7-200c-436e-a618-e4f36456eb43",HAS_DEFINITION
"57d75cc9-d508-4c3d-a967-58ba8bb86f3c","4fbc3267-2561-4b73-aa63-abd7d033f5fd",HAS_EXPLICATION
"57d75cc9-d508-4c3d-a967-58ba8bb86f3c","955370e6-53ee-4162-bdfb-e41fd500636b",HAS_HISTORY
"9b273763-c615-4ad7-9f08-01129f4049be","7232ddc9-544a-4554-be78-2c0b71b8f32e",HAS_DEFINITION
"9b273763-c615-4ad7-9f08-01129f4049be","1cb4cae6-3b05-4d01-b538-a0cefd628215",HAS_EXPLICATION
"9b273763-c615-4ad7-9f08-01129f4049be","7a5b038e-a591-41c2-9a4b-6ac5ccb67702",HAS_HISTORY
"d9f3674f-f25c-4206-a7ca-b9b78df8a9f8","a36eb141-5dd0-4065-a366-76cf4c3c92e8",HAS_DEFINITION
"d9f3674f-f25c-4206-a7ca-b9b78df8a9f8","51879871-7bb6-4e3b-9bae-292d53a01368",HAS_EXPLICATION
"d9f3674f-f25c-4206-a7ca-b9b78df8a9f8","bf18eacf-0976-4d4a-a0e5-ef61f1dcaadb",HAS_HISTORY
"6a3c6ae2-6c5b-4a77-b292-dfbb4729954f","1e0e5baf-4ca8-4907-91e2-355d3b1cfa45",HAS_DEFINITION
"6a3c6ae2-6c5b-4a77-b292-dfbb4729954f","c36fc376-d8b5-4bfa-9ea3-d72c7c446e58",HAS_EXPLICATION
"6a3c6ae2-6c5b-4a77-b292-dfbb4729954f","3fe84744-699a-479c-970e-b6beb1eb0e7a",HAS_HISTORY
"10f65aca-795f-4237-b6c2-3134abc55b46","ab982d7d-5652-4c90-a12b-901eb2ad0f99",HAS_DEFINITION
"10f65aca-795f-4237-b6c2-3134abc55b46","6ed1a22d-29fe-471a-8969-fdda0522706a",HAS_EXPLICATION
"10f65aca-795f-4237-b6c2-3134abc55b46","4219bb48-adfb-47c8-9bf8-9ed169c7f0ea",HAS_HISTORY
"0477d0ac-bf37-456e-ba67-4337251021a2","06d4ff58-709d-4e18-ba23-1b1015a37486",HAS_DEFINITION
"0477d0ac-bf37-456e-ba67-4337251021a2","8b07e231-b785-41e4-8cbc-5ebbe5389116",HAS_EXPLICATION
"0477d0ac-bf37-456e-ba67-4337251021a2","ef16ec58-16e3-41db-a5cf-65af9571e281",HAS_HISTORY
"dd6f8f53-9096-44bf-9448-23c29aa2d886","4c7f7888-4146-4c58-8f6c-34c3c30f3567",HAS_DEFINITION
"dd6f8f53-9096-44bf-9448-23c29aa2d886","54056dcb-e729-476e-a906-1c13f07e03d6",HAS_EXPLICATION
"dd6f8f53-9096-44bf-9448-23c29aa2d886","ade194c6-96c3-42a6-bb7c-73b1041a69ed",HAS_HISTORY
"4e4ca0a4-3511-44fa-bb48-8da8d80ba583","1a1e2f10-a1a1-4860-8902-1df56c2add99",HAS_DEFINITION
"4e4ca0a4-3511-44fa-bb48-8da8d80ba583","f981e6da-c867-4f34-853f-871662fffdd3",HAS_EXPLICATION
"4e4ca0a4-3511-44fa-bb48-8da8d80ba583","15b22767-cf46-4aee-bd7f-856b13054f7c",HAS_HISTORY
"cf64c5b2-7900-4ce0-af75-496fb6bf4c59","cd916de9-03b9-414f-89ba-314866d3b342",HAS_DEFINITION
"cf64c5b2-7900-4ce0-af75-496fb6bf4c59","dcf06541-2963-4ff6-8f99-2a200b9676ec",HAS_EXPLICATION
"cf64c5b2-7900-4ce0-af75-496fb6bf4c59","d6638d1e-6921-41ca-a6f4-109ebc51b4dc",HAS_HISTORY
"46a804c6-d665-4eb8-81b2-48da68d28c4c","1d3289f5-aff3-4c3e-bafa-35228287168d",HAS_DEFINITION
"46a804c6-d665-4eb8-81b2-48da68d28c4c","13277f86-18ea-4661-bec3-c065680023db",HAS_EXPLICATION
"46a804c6-d665-4eb8-81b2-48da68d28c4c","7a10d0c0-f653-40a7-9645-ce11d84a6aa0",HAS_HISTORY
"2cac6904-7231-4afb-9c24-e8da09ef7500","07af4813-e5fb-4c6b-8e7a-7c760fd80bd1",HAS_DEFINITION
"2cac6904-7231-4afb-9c24-e8da09ef7500","c0893a7a-df8d-4b2f-b53e-b5b92648edd6",HAS_EXPLICATION
"2cac6904-7231-4afb-9c24-e8da09ef7500","27a44592-9e32-4c46-8230-7f6531d0145a",HAS_HISTORY
"2a36db84-5723-4921-8089-c06f67a94c6e","141b29e9-8b46-4c5b-b0e4-89024b0029d8",HAS_DEFINITION
"2a36db84-5723-4921-8089-c06f67a94c6e","e85e5da6-cd0a-4273-b15b-a2c9c42287c3",HAS_EXPLICATION
"2a36db84-5723-4921-8089-c06f67a94c6e","d6c5fafb-d15f-4ba0-931d-4e42760eb4f8",HAS_HISTORY
"78e5506a-590e-4da9-9010-9bc918976f69","b7652250-9f8d-434e-9efe-5eb65c15e242",HAS_DEFINITION
"78e5506a-590e-4da9-9010-9bc918976f69","46329853-853a-4397-ba92-84731ae7714d",HAS_EXPLICATION
"78e5506a-590e-4da9-9010-9bc918976f69","4f9d4684-0809-4b96-a85c-72d7df2a6ac3",HAS_HISTORY
"36fc69de-d894-48cb-ad31-db7398efa916","00e53bbe-7ad3-432f-9077-72f810d17d3e",HAS_DEFINITION
"36fc69de-d894-48cb-ad31-db7398efa916","14d2419b-604c-4c54-a8da-fc68677c457c",HAS_EXPLICATION
"36fc69de-d894-48cb-ad31-db7398efa916","9702371e-9e51-43be-a0e3-462fb0024858",HAS_HISTORY
"7c8954c3-b27e-4ff3-971b-bbb4bcbf42c8","6e22ce70-1f7c-4b59-9ec8-3e009dc19876",HAS_DEFINITION
"7c8954c3-b27e-4ff3-971b-bbb4bcbf42c8","a9013e48-5b4f-40c2-a3cc-c8b3d4e70554",HAS_EXPLICATION
"7c8954c3-b27e-4ff3-971b-bbb4bcbf42c8","4b6b3ca2-58b7-4fe2-98e8-ce0d5d96f846",HAS_HISTORY
"340929c6-757d-4e3f-a4cd-e7a28b73b48d","9237926a-ab04-4cc8-aaaf-0f810e6c6aa8",HAS_DEFINITION
"340929c6-757d-4e3f-a4cd-e7a28b73b48d","7c56a7ab-3ad3-414b-b6fa-10fd9dddcd85",HAS_EXPLICATION
"340929c6-757d-4e3f-a4cd-e7a28b73b48d","8de6b942-d56f-4b3b-8c25-66cb8b61bc51",HAS_HISTORY
"9e056052-5a56-4a1d-9e60-3270b177413e","8bdd3922-9766-4539-9540-b4e9d510549c",HAS_DEFINITION
"9e056052-5a56-4a1d-9e60-3270b177413e","b26baea7-cbc5-48e0-b5ec-fbb231c390af",HAS_EXPLICATION
"9e056052-5a56-4a1d-9e60-3270b177413e","3150d33b-51d6-4667-86b9-764f3f084138",HAS_HISTORY
"5dca98ce-2ed4-4a15-a911-4d2e1a7141e3","156161f7-e345-458e-8e2e-f75cfd2fe088",HAS_DEFINITION
"5dca98ce-2ed4-4a15-a911-4d2e1a7141e3","40e9d946-d480-4733-b98d-18b0e1055be6",HAS_EXPLICATION
"5dca98ce-2ed4-4a15-a911-4d2e1a7141e3","b9bc3535-04b2-46b7-b3ec-ebc418ec648d",HAS_HISTORY
"5ded3e60-2e11-497a-b33f-391d00eed17d","2f0a6423-5191-4925-8682-b812ea8f3a86",HAS_DEFINITION
"5ded3e60-2e11-497a-b33f-391d00eed17d","e32b4fd3-bb9f-4004-8f6e-4094d6f20a21",HAS_EXPLICATION
"5ded3e60-2e11-497a-b33f-391d00eed17d","dbebffd8-4864-41b2-b57a-8552444739e5",HAS_HISTORY
"6d71dcde-7024-4175-b3c7-b2b48c3f9383","2db59c5c-9091-42ef-ae1d-c76402642155",HAS_DEFINITION
"6d71dcde-7024-4175-b3c7-b2b48c3f9383","e1e3cfe2-e8d3-4a57-8b19-a2df74e599f4",HAS_EXPLICATION
"6d71dcde-7024-4175-b3c7-b2b48c3f9383","0d188130-d819-4976-bfdb-c0f84173f92c",HAS_HISTORY
"e742655b-2e05-465a-9d6b-ed35b69b1d38","dbd1dc48-aab5-485b-bb10-1ebd916d57ba",HAS_DEFINITION
"e742655b-2e05-465a-9d6b-ed35b69b1d38","e76b001b-ccc0-49d3-aff5-f5b0d6522fc6",HAS_EXPLICATION
"e742655b-2e05-465a-9d6b-ed35b69b1d38","53299aef-85fd-4b55-a481-46950f96e9d8",HAS_HISTORY
"be9c24f2-1410-48e0-9504-ec1d75b4f486","12c03d06-df3e-47db-8413-35dc5da71f67",HAS_DEFINITION
"be9c24f2-1410-48e0-9504-ec1d75b4f486","48ca9826-789f-4829-85f6-ac0570a8fb5d",HAS_EXPLICATION
"be9c24f2-1410-48e0-9504-ec1d75b4f486","aeaf2bf0-cf4f-4b7a-8b12-9cfa7ecb0768",HAS_HISTORY
"b2e987b7-1216-49c5-993b-5a3b397f1c26","d6ee5606-211c-4069-ae7b-463984e56927",WROTE
"e2f30fe1-a2b9-4247-9331-9bc6a3a9c791","d6ee5606-211c-4069-ae7b-463984e56927",WROTE
"b2e987b7-1216-49c5-993b-5a3b397f1c26","d6ee5606-211c-4069-ae7b-463984e56927",WROTE
"2ed23e11-7093-41c9-bc16-7a88aa84c352","d6ee5606-211c-4069-ae7b-463984e56927",CONTRIBUTED
"68b5c8bc-f99b-4c6a-9206-c5f63b6ba0a6","d6ee5606-211c-4069-ae7b-463984e56927",CONTRIBUTED
"8f5d3b7a-bf9d-4733-944c-17b6803f473a","d6ee5606-211c-4069-ae7b-463984e56927",CONTRIBUTED
"e2f30fe1-a2b9-4247-9331-9bc6a3a9c791","127238ee-cd06-4381-991c-3fbbadba49ff",WROTE
"b2e987b7-1216-49c5-993b-5a3b397f1c26","127238ee-cd06-4381-991c-3fbbadba49ff",WROTE
"78c3311d-25d8-47c8-a471-13d19021b3ae","127238ee-cd06-4381-991c-3fbbadba49ff",WROTE
"89b131de-bc22-4300-9b3b-6e7bc60e9d23","127238ee-cd06-4381-991c-3fbbadba49ff",CONTRIBUTED
"2ed23e11-7093-41c9-bc16-7a88aa84c352","127238ee-cd06-4381-991c-3fbbadba49ff",CONTRIBUTED
"9090f79f-a387-46ed-80f6-a4239c5f0404","f8538f9a-d13c-4ec9-b9fe-a309b9cfed3e",WROTE
"e2f30fe1-a2b9-4247-9331-9bc6a3a9c791","f8538f9a-d13c-4ec9-b9fe-a309b9cfed3e",WROTE
"3d5a0cf4-a051-41e0-8d7b-ad51b2e1c75b","f8538f9a-d13c-4ec9-b9fe-a309b9cfed3e",WROTE
"18728d59-2e80-4454-a776-b93036b6943b","f8538f9a-d13c-4ec9-b9fe-a309b9cfed3e",WROTE
"2b42245b-665d-4bba-989e-45421945bd9f","f8538f9a-d13c-4ec9-b9fe-a309b9cfed3e",WROTE
"9090f79f-a387-46ed-80f6-a4239c5f0404","0421d1ab-3eed-4f18-8465-a137a3e38570",WROTE
"e2f30fe1-a2b9-4247-9331-9bc6a3a9c791","0421d1ab-3eed-4f18-8465-a137a3e38570",WROTE
"3d5a0cf4-a051-41e0-8d7b-ad51b2e1c75b","0421d1ab-3eed-4f18-8465-a137a3e38570",WROTE
"18728d59-2e80-4454-a776-b93036b6943b","0421d1ab-3eed-4f18-8465-a137a3e38570",WROTE
"2b42245b-665d-4bba-989e-45421945bd9f","0421d1ab-3eed-4f18-8465-a137a3e38570",WROTE
"2b42245b-665d-4bba-989e-45421945bd9f","b12fc325-7fbd-4553-9b16-21b4f5c26f88",WROTE
"8f5d3b7a-bf9d-4733-944c-17b6803f473a","b12fc325-7fbd-4553-9b16-21b4f5c26f88",WROTE
"2b42245b-665d-4bba-989e-45421945bd9f","27e7d410-21ed-42b7-877c-e2aef9b1a481",WROTE
"2b42245b-665d-4bba-989e-45421945bd9f","a5b12450-3c80-4b29-82ca-1aaaa5f83b79",WROTE
"8f5d3b7a-bf9d-4733-944c-17b6803f473a","a5b12450-3c80-4b29-82ca-1aaaa5f83b79",WROTE
"58788acf-1649-46ec-9865-23f8d788e8f1","b018cf19-0940-42f8-90b5-4f6f2cf48298",WROTE
"2b42245b-665d-4bba-989e-45421945bd9f","b018cf19-0940-42f8-90b5-4f6f2cf48298",WROTE
"03438464-abf9-422d-afec-e6e6d503079b","b018cf19-0940-42f8-90b5-4f6f2cf48298",WROTE
"96bbfe4b-8f8c-460b-86b2-3de82285cdec","b018cf19-0940-42f8-90b5-4f6f2cf48298",WROTE
"b2e987b7-1216-49c5-993b-5a3b397f1c26","25940941-1222-423e-b085-9dbe7eb86adb",WROTE
"e2f30fe1-a2b9-4247-9331-9bc6a3a9c791","25940941-1222-423e-b085-9dbe7eb86adb",WROTE
"bc4f7d27-b97a-4d1c-922e-93672abb6dd6","a13bc8c6-ac24-4ca3-bc8a-13cda4bff88e",WROTE
"54afb862-a534-4bb4-81ce-4d5435c0346d","a13bc8c6-ac24-4ca3-bc8a-13cda4bff88e",WROTE
"916ca3d4-fcba-4111-b6d1-a8c008970c69","a13bc8c6-ac24-4ca3-bc8a-13cda4bff88e",WROTE
"d3e6dece-ab68-4fbf-9c0b-7f32c94c4f58","0f84ecee-a8b8-406a-9365-e0eb5d14d60a",WROTE
"297fca3b-16f5-4b42-8936-369afbd7d399","0f84ecee-a8b8-406a-9365-e0eb5d14d60a",WROTE
"2011e08a-02f1-47af-8969-1b810d9a57ef","0f84ecee-a8b8-406a-9365-e0eb5d14d60a",WROTE
"10fdd4d4-7d91-48eb-aed9-8136e2794970","ba58a63d-1dc0-4901-ad3a-89ed4b471700",WROTE
"b79165be-2c49-4433-9c87-cc0b41f4d7fd","ba58a63d-1dc0-4901-ad3a-89ed4b471700",WROTE
"e2f30fe1-a2b9-4247-9331-9bc6a3a9c791","ae7a9fa1-2219-4749-9488-7b8bbd9a6b4f",WROTE
"58788acf-1649-46ec-9865-23f8d788e8f1","ae7a9fa1-2219-4749-9488-7b8bbd9a6b4f",WROTE
"50341b37-0d4a-4a08-b996-64effcad62a9","ae7a9fa1-2219-4749-9488-7b8bbd9a6b4f",WROTE
"a3e2691f-4341-4df2-a6fa-7d8818612577","ae7a9fa1-2219-4749-9488-7b8bbd9a6b4f",WROTE
"bc4f7d27-b97a-4d1c-922e-93672abb6dd6","ae7a9fa1-2219-4749-9488-7b8bbd9a6b4f",WROTE
"8f5d3b7a-bf9d-4733-944c-17b6803f473a","7655ea3d-8208-4fb9-9c5c-c80732252fe2",WROTE
"6744f2af-980d-46b6-9c06-847a90ef866e","7655ea3d-8208-4fb9-9c5c-c80732252fe2",WROTE
"b2e987b7-1216-49c5-993b-5a3b397f1c26","7655ea3d-8208-4fb9-9c5c-c80732252fe2",WROTE
"8f5d3b7a-bf9d-4733-944c-17b6803f473a","c2d42dec-de54-4897-b0d1-54dd7edbf52c",WROTE
"8f5d3b7a-bf9d-4733-944c-17b6803f473a","75da46ee-2ba4-4abd-bcc6-79db58f190fb",WROTE
"d8dd7578-d3dc-4407-a33f-7adf957fe3fc","75da46ee-2ba4-4abd-bcc6-79db58f190fb",WROTE
"b2e987b7-1216-49c5-993b-5a3b397f1c26","75da46ee-2ba4-4abd-bcc6-79db58f190fb",WROTE
"78c3311d-25d8-47c8-a471-13d19021b3ae","042153d7-7551-4de8-bcf4-12e3582d61c7",WROTE
"c96ae5aa-e82d-4455-89d8-19140e79607a","042153d7-7551-4de8-bcf4-12e3582d61c7",WROTE
"68b5c8bc-f99b-4c6a-9206-c5f63b6ba0a6","3f377a8e-7f4d-4369-b990-8f924566e390",WROTE
"d8dd7578-d3dc-4407-a33f-7adf957fe3fc","3f377a8e-7f4d-4369-b990-8f924566e390",WROTE
"b2e987b7-1216-49c5-993b-5a3b397f1c26","bbc07f19-9811-42e9-b722-c6fb10fc192f",WROTE
"8f5d3b7a-bf9d-4733-944c-17b6803f473a","bbc07f19-9811-42e9-b722-c6fb10fc192f",WROTE
"b2e987b7-1216-49c5-993b-5a3b397f1c26","24761d30-c7e5-4eb0-b1b7-bf1f4912d372",WROTE
"e2f30fe1-a2b9-4247-9331-9bc6a3a9c791","a5ca1077-310d-45cc-8f73-bcc4f624cf85",WROTE
"58788acf-1649-46ec-9865-23f8d788e8f1","a5ca1077-310d-45cc-8f73-bcc4f624cf85",WROTE
"50341b37-0d4a-4a08-b996-64effcad62a9","a5ca1077-310d-45cc-8f73-bcc4f624cf85",WROTE
"a3e2691f-4341-4df2-a6fa-7d8818612577","a5ca1077-310d-45cc-8f73-bcc4f624cf85",WROTE
"bc4f7d27-b97a-4d1c-922e-93672abb6dd6","a5ca1077-310d-45cc-8f73-bcc4f624cf85",WROTE
"68b5c8bc-f99b-4c6a-9206-c5f63b6ba0a6","c8dd68dd-868f-43c0-b7b5-f6d39a6d81a0",WROTE
"2ed23e11-7093-41c9-bc16-7a88aa84c352","7d9be466-1500-4884-b46a-9417122fc9a3",WROTE
"68b5c8bc-f99b-4c6a-9206-c5f63b6ba0a6","d9f3674f-f25c-4206-a7ca-b9b78df8a9f8",WROTE
"be35b6e9-f49b-437e-af52-14e4e6d5b13e","46a804c6-d665-4eb8-81b2-48da68d28c4c",WROTE
"8df8e4c9-55f3-478b-8b40-c8550b9900c3","46a804c6-d665-4eb8-81b2-48da68d28c4c",WROTE
"0be15b52-01a0-458b-8b29-4de3e40a882a","46a804c6-d665-4eb8-81b2-48da68d28c4c",WROTE
"c96ae5aa-e82d-4455-89d8-19140e79607a","46a804c6-d665-4eb8-81b2-48da68d28c4c",WROTE
"208c2f3f-49b3-4acc-87fd-2d68243f0073","46a804c6-d665-4eb8-81b2-48da68d28c4c",WROTE
"65a4454f-cba1-4600-bdc4-771174c52a3e","7c8954c3-b27e-4ff3-971b-bbb4bcbf42c8",WROTE
"783d4ade-65da-4fcf-a468-2cc7cac4a19e","7c8954c3-b27e-4ff3-971b-bbb4bcbf42c8",WROTE
"0460b860-26bc-468f-92ac-65e9767d10da","7c8954c3-b27e-4ff3-971b-bbb4bcbf42c8",WROTE
"8df8e4c9-55f3-478b-8b40-c8550b9900c3","7c8954c3-b27e-4ff3-971b-bbb4bcbf42c8",WROTE
"fc41d670-bff1-449d-af7d-3e86bd86fde2","7c8954c3-b27e-4ff3-971b-bbb4bcbf42c8",WROTE
"208c2f3f-49b3-4acc-87fd-2d68243f0073","5ded3e60-2e11-497a-b33f-391d00eed17d",WROTE
"e96f30f4-3f30-452c-badd-ffe6c9e54844","5ded3e60-2e11-497a-b33f-391d00eed17d",WROTE